id,tanggal,barang
1,2024-03-01,Telur(1kg)
2,2024-03-01,White Coffe (botol)
3,2024-03-01,Freshcare
3,2024-03-01,Indomie
4,2024-03-01,Golda
5,2024-03-01,Milo(saset)
6,2024-03-01,Kresek
6,2024-03-01,Shampo Lifebuoy
7,2024-03-01,Mixagrip
8,2024-03-01,A1-16
9,2024-03-01,Freshcare
9,2024-03-01,Promag
10,2024-03-01,Sabun zwitsal
11,2024-03-01,HIT
13,2024-03-01,Saos Indofood
14,2024-03-01,Marlboro
15,2024-03-01,A1-16
15,2024-03-01,Golda
16,2024-03-01,Marlboro
16,2024-03-01,Mixagrip
18,2024-03-01,Clevo
18,2024-03-01,Top Coffe +
20,2024-03-01,Aqua(botol)
20,2024-03-01,Kecap bango
21,2024-03-01,Mamy Poko
23,2024-03-01,Shampo Lifebuoy
27,2024-03-01,Marlboro
28,2024-03-01,Promag
28,2024-03-01,Minyak Fortune
29,2024-03-01,Mixagrip
30,2024-03-01,Sabun zwitsal
32,2024-03-01,Indomilk
33,2024-03-01,GoodDay(saset)
33,2024-03-01,Freshcare
34,2024-03-01,Sunlight(saset)
34,2024-03-01,Golda
35,2024-03-01,Shampo Lifebuoy
36,2024-03-01,Mixagrip
37,2024-03-01,SGM+
37,2024-03-01,Gula (2kg)
37,2024-03-01,Marlboro
38,2024-03-01,Milo(saset)
39,2024-03-01,Geo kretek
40,2024-03-01,Cimory(botol)
40,2024-03-01,Ultramilk
41,2024-03-01,Mamy Poko
42,2024-03-01,A1-16
43,2024-03-01,Pocari(kecil)
43,2024-03-01,Mixagrip
44,2024-03-01,Shampo Lifebuoy
44,2024-03-01,Golda
44,2024-03-01,Mixagrip
45,2024-03-01,Kecap bango
46,2024-03-02,Geo kretek
46,2024-03-02,Leminerale
46,2024-03-02,Top Coffe +
47,2024-03-02,Milky
48,2024-03-02,Promag
48,2024-03-02,Minyak Fortune
49,2024-03-02,Golda
50,2024-03-02,3sapi
51,2024-03-02,Pocari(kecil)
52,2024-03-02,Indomilk
52,2024-03-02,Sajiku
53,2024-03-02,Milo(saset)
53,2024-03-02,Aoka
55,2024-03-02,Mamy Poko
55,2024-03-02,White Coffe (botol)
55,2024-03-02,A1-16
58,2024-03-02,Sajiku
59,2024-03-02,Top Coffe +
60,2024-03-02,Freshcare
61,2024-03-02,White Coffe (botol)
64,2024-03-02,Freshcare
65,2024-03-02,HIT
67,2024-03-02,Mixagrip
69,2024-03-02,Promag
69,2024-03-02,A1-16
70,2024-03-02,Yakult
70,2024-03-02,Mamy Poko
73,2024-03-02,3sapi
74,2024-03-02,Yakult
74,2024-03-02,Sajiku
75,2024-03-02,PG Closeup
76,2024-03-02,Tipe x
77,2024-03-02,Sajiku
77,2024-03-02,PG Closeup
78,2024-03-02,Geo kretek
79,2024-03-02,Saos Indofood
79,2024-03-02,Bolpoin
81,2024-03-02,Indomie
81,2024-03-02,Ultramilk
82,2024-03-02,Telur(1kg)
82,2024-03-02,Sabun zwitsal
83,2024-03-02,Sajiku
83,2024-03-02,Freshcare
86,2024-03-02,White Coffe (botol)
89,2024-03-02,Sabun zwitsal
89,2024-03-02,GoodDay(saset)
90,2024-03-02,Mixagrip
90,2024-03-02,Clevo
91,2024-03-02,3sapi
91,2024-03-02,Sajiku
92,2024-03-02,Leminerale
92,2024-03-02,Tipe x
95,2024-03-02,Stela Jeruk (kaleng)
96,2024-03-02,Koyo
96,2024-03-02,PG Closeup
96,2024-03-02,Golda
97,2024-03-03,A1-16
97,2024-03-03,Mamy Poko
98,2024-03-03,Indomie
98,2024-03-03,Tipe x
100,2024-03-03,Mixagrip
100,2024-03-03,3sapi
100,2024-03-03,Stela Jeruk (kaleng)
100,2024-03-03,Kecap bango
101,2024-03-03,Yakult
102,2024-03-03,SGM+
103,2024-03-03,Stela Jeruk (kaleng)
104,2024-03-03,Freshcare
105,2024-03-03,Kecap bango
105,2024-03-03,Koyo
105,2024-03-03,Milky
105,2024-03-03,Tipe x
105,2024-03-03,Beras SB
106,2024-03-03,3sapi
107,2024-03-03,Saos Indofood
107,2024-03-03,Bolpoin
108,2024-03-03,Geo kretek
108,2024-03-03,Minyak Fortune
108,2024-03-03,Promag
108,2024-03-03,Mixagrip
108,2024-03-03,Aqua(botol)
109,2024-03-03,Aqua(botol)
110,2024-03-03,Promag
111,2024-03-03,Pocari(kecil)
111,2024-03-03,Milky
112,2024-03-03,White Coffe (botol)
112,2024-03-03,Saos Indofood
112,2024-03-03,Promag
113,2024-03-03,Milo(saset)
113,2024-03-03,Koyo
114,2024-03-03,A1-12
114,2024-03-03,Mamy Poko
115,2024-03-03,Surya
115,2024-03-03,A1-12
116,2024-03-03,White Coffe (botol)
116,2024-03-03,PG Closeup
116,2024-03-03,Leminerale
116,2024-03-03,Freshcare
117,2024-03-03,Koyo
117,2024-03-03,A1-12
117,2024-03-04,Milky
118,2024-03-04,HIT
118,2024-03-04,Pocari(kecil)
118,2024-03-04,Tipe x
118,2024-03-04,Koyo
119,2024-03-04,3sapi
119,2024-03-04,PG.Pepsodent
119,2024-03-04,Tipe x
119,2024-03-04,White Coffe (botol)
120,2024-03-04,Surya
123,2024-03-04,Surya
123,2024-03-04,White Coffe (botol)
123,2024-03-04,Sabun zwitsal
123,2024-03-04,Telur(1kg)
124,2024-03-04,A1-12
124,2024-03-04,Indomie
124,2024-03-04,White Coffe (botol)
125,2024-03-04,Indomilk
126,2024-03-04,Ultramilk
126,2024-03-04,Clevo
126,2024-03-04,Lada
126,2024-03-04,Surya
127,2024-03-04,Minyak Kayu Putih
127,2024-03-04,Kecap bango
128,2024-03-04,Kresek
128,2024-03-04,Mie Sedap
129,2024-03-04,Teh Gelas
129,2024-03-04,Milky
129,2024-03-04,Koyo
130,2024-03-04,Lada
132,2024-03-04,Minyak Fortune
132,2024-03-04,PG Closeup
133,2024-03-04,Telur(1/2kg)
133,2024-03-04,Promag
133,2024-03-04,Teh Gelas
133,2024-03-04,Golda
134,2024-03-04,Geo kretek
134,2024-03-04,HIT
134,2024-03-04,Oreo
135,2024-03-04,SGM+
135,2024-03-04,White Coffe (botol)
135,2024-03-04,Minyak Fortune
136,2024-03-04,Tipe x
137,2024-03-04,A1-16
137,2024-03-04,Sajiku
137,2024-03-04,Indomilk
137,2024-03-04,Koyo
138,2024-03-04,Lada
138,2024-03-04,Bolpoin
139,2024-03-04,Pocari(kecil)
140,2024-03-04,Yakult
141,2024-03-04,Lada
142,2024-03-04,PG Closeup
142,2024-03-05,Beras SB
142,2024-03-05,Mamy Poko
143,2024-03-05,Telur(1kg)
143,2024-03-05,Lada
143,2024-03-05,Masako
143,2024-03-05,Sajiku
144,2024-03-05,Sabun zwitsal
144,2024-03-05,Promag
144,2024-03-05,Top Coffe +
146,2024-03-05,Top Coffe +
146,2024-03-05,Aoka
147,2024-03-05,3sapi
147,2024-03-05,Gula (2kg)
147,2024-03-05,Clevo
147,2024-03-05,Lada
147,2024-03-05,Top Coffe +
148,2024-03-05,PG Closeup
149,2024-03-05,Bolpoin
149,2024-03-05,A1-16
149,2024-03-05,Beras SB
149,2024-03-05,Indomie
149,2024-03-05,Teh Gelas
149,2024-03-05,Telur(1kg)
150,2024-03-05,Sabun zwitsal
150,2024-03-05,Leminerale
150,2024-03-05,Koyo
151,2024-03-05,Top Coffe +
152,2024-03-05,Golda
153,2024-03-05,Sajiku
153,2024-03-05,Freshcare
153,2024-03-05,A1-12
153,2024-03-05,PG Closeup
153,2024-03-05,Freshcare
153,2024-03-05,Aqua(botol)
153,2024-03-05,Milky
154,2024-03-05,Sabun zwitsal
154,2024-03-05,Oreo
155,2024-03-05,Koyo
155,2024-03-05,Bolpoin
155,2024-03-05,A1-16
156,2024-03-05,Sabun zwitsal
156,2024-03-05,Telur(1kg)
156,2024-03-05,Shampo Lifebuoy
156,2024-03-05,Clevo
157,2024-03-05,Telur(1kg)
157,2024-03-05,Promag
157,2024-03-05,Minyak Fortune
158,2024-03-05,Cimory(botol)
159,2024-03-05,Sajiku
159,2024-03-05,Sajiku
160,2024-03-05,Milky
160,2024-03-05,Milky
161,2024-03-05,Surya
162,2024-03-05,Mixagrip
162,2024-03-05,Sajiku
163,2024-03-05,GoodDay(saset)
163,2024-03-05,Sajiku
164,2024-03-05,Yakult
164,2024-03-06,Aoka
165,2024-03-06,PG.Pepsodent
165,2024-03-06,A1-16
166,2024-03-06,Beras SB
166,2024-03-06,Promag
167,2024-03-06,HIT
167,2024-03-06,Koyo
167,2024-03-06,Koyo
168,2024-03-06,Milky
168,2024-03-06,Clevo
169,2024-03-06,Golda
170,2024-03-06,GoodDay(saset)
172,2024-03-06,Sabun zwitsal
172,2024-03-06,Kresek
172,2024-03-06,Beras SB
172,2024-03-06,PG Closeup
173,2024-03-06,Masako
173,2024-03-06,Mie Sedap
173,2024-03-06,Sajiku
174,2024-03-06,Promag
174,2024-03-06,White Coffe (botol)
174,2024-03-06,GoodDay(saset)
175,2024-03-06,Stela Jeruk (kaleng)
175,2024-03-06,A1-12
176,2024-03-06,Promag
176,2024-03-06,Teh Gelas
176,2024-03-06,Kecap bango
177,2024-03-06,Masako
177,2024-03-06,Teh Gelas
177,2024-03-06,GoodDay(saset)
177,2024-03-06,Mie Sedap
177,2024-03-06,Teh Gelas
178,2024-03-06,Pocari(kecil)
178,2024-03-06,Milky
179,2024-03-06,Mie Sedap
179,2024-03-06,SGM+
179,2024-03-06,Pocari(kecil)
179,2024-03-06,Indomilk
180,2024-03-06,Gula (2kg)
180,2024-03-06,Kresek
180,2024-03-06,PG.Pepsodent
182,2024-03-06,Surya
183,2024-03-07,Milo(saset)
183,2024-03-07,Minyak Fortune
184,2024-03-07,Aqua(botol)
184,2024-03-07,Indomie
184,2024-03-07,Koyo
185,2024-03-07,Milo(saset)
185,2024-03-07,Indomilk
185,2024-03-07,Pocari Sweat
186,2024-03-07,Leminerale
186,2024-03-07,Koyo
186,2024-03-07,Marlboro
186,2024-03-07,Lada
186,2024-03-07,Clevo
186,2024-03-07,Teh Gelas
187,2024-03-07,Milo(saset)
187,2024-03-07,Golda
187,2024-03-07,Stela Jeruk (kaleng)
189,2024-03-07,Oreo
189,2024-03-07,Milky
191,2024-03-07,Ultramilk
191,2024-03-07,PG Closeup
191,2024-03-07,Indomilk
192,2024-03-07,Stela Jeruk (kaleng)
192,2024-03-07,Minyak Kayu Putih
193,2024-03-07,Promag
193,2024-03-07,Top Coffe +
193,2024-03-07,SGM+
193,2024-03-07,3sapi
194,2024-03-07,Sajiku
194,2024-03-07,HIT
194,2024-03-07,Bolpoin
194,2024-03-07,A1-16
195,2024-03-07,Koyo
195,2024-03-07,Milo(saset)
195,2024-03-07,Kecap bango
195,2024-03-07,Promag
195,2024-03-07,Milo(saset)
195,2024-03-07,Milo(saset)
195,2024-03-07,3sapi
196,2024-03-07,Aoka
196,2024-03-07,Yakult
196,2024-03-07,Kecap bango
196,2024-03-08,Minyak Fortune
196,2024-03-08,Leminerale
197,2024-03-08,Sabun zwitsal
197,2024-03-08,Telur(1kg)
197,2024-03-08,Shampo Lifebuoy
198,2024-03-08,Beras SB
199,2024-03-08,Indomie
199,2024-03-08,Mixagrip
199,2024-03-08,Milky
199,2024-03-08,3sapi
200,2024-03-08,Milky
200,2024-03-08,Cimory(botol)
200,2024-03-08,Koyo
200,2024-03-08,Indomilk
201,2024-03-08,Aqua(botol)
201,2024-03-08,Minyak Kayu Putih
201,2024-03-08,Aoka
202,2024-03-08,Mie Sedap
202,2024-03-08,PG Closeup
202,2024-03-08,Pocari(kecil)
202,2024-03-08,Mie Sedap
202,2024-03-08,Minyak Kayu Putih
203,2024-03-08,SGM+
204,2024-03-08,Cimory(botol)
205,2024-03-08,Aqua(botol)
205,2024-03-08,Mixagrip
206,2024-03-08,3sapi
206,2024-03-08,Koyo
207,2024-03-08,Freshcare
207,2024-03-08,Surya
208,2024-03-08,Teh Gelas
209,2024-03-08,Tipe x
209,2024-03-08,GoodDay(saset)
209,2024-03-08,HIT
209,2024-03-08,Shampo Lifebuoy
209,2024-03-08,Lada
209,2024-03-08,Kresek
209,2024-03-08,Aqua(botol)
210,2024-03-08,Tipe x
211,2024-03-08,Pocari Sweat
211,2024-03-08,Indomilk
211,2024-03-08,Freshcare
211,2024-03-08,Cimory(botol)
211,2024-03-08,Teh Gelas
214,2024-03-08,SGM+
214,2024-03-08,Mixagrip
215,2024-03-08,Stela Jeruk (kaleng)
215,2024-03-09,Stela Jeruk (kaleng)
216,2024-03-09,Promag
216,2024-03-09,Promag
217,2024-03-09,Kecap bango
218,2024-03-09,Mixagrip
218,2024-03-09,Koyo
218,2024-03-09,Shampo Lifebuoy
218,2024-03-09,Ultramilk
218,2024-03-09,Clevo
218,2024-03-09,Telur(1kg)
219,2024-03-09,Stela Jeruk (kaleng)
219,2024-03-09,Promag
219,2024-03-09,Telur(1/2kg)
219,2024-03-09,Saos Indofood
219,2024-03-09,Minyak Fortune
219,2024-03-09,Mixagrip
220,2024-03-09,Mixagrip
220,2024-03-09,Telur(1/2kg)
220,2024-03-09,Gula (2kg)
221,2024-03-09,PG.Pepsodent
222,2024-03-09,Milky
222,2024-03-09,Gula (2kg)
222,2024-03-09,Promag
223,2024-03-09,Telur(1kg)
223,2024-03-09,Bolpoin
224,2024-03-09,Milky
224,2024-03-09,Minyak Kayu Putih
224,2024-03-09,Indomie
224,2024-03-09,Koyo
225,2024-03-09,Oreo
226,2024-03-09,Teh Gelas
226,2024-03-09,Cimory(botol)
226,2024-03-09,Geo kretek
226,2024-03-09,Geo kretek
226,2024-03-09,Teh Gelas
227,2024-03-09,Lada
228,2024-03-09,Stela Jeruk (kaleng)
229,2024-03-09,Minyak Fortune
229,2024-03-09,Teh Gelas
229,2024-03-09,Tipe x
229,2024-03-09,Mie Sedap
230,2024-03-09,Sajiku
230,2024-03-09,Telur(1kg)
231,2024-03-09,3sapi
232,2024-03-09,Stela Jeruk (kaleng)
232,2024-03-09,Bolpoin
232,2024-03-09,Aqua(botol)
232,2024-03-09,HIT
233,2024-03-09,SGM+
233,2024-03-09,Pocari(kecil)
234,2024-03-10,Tipe x
234,2024-03-10,Geo kretek
235,2024-03-10,Pocari(kecil)
235,2024-03-10,Promag
236,2024-03-10,Mie Sedap
236,2024-03-10,Bolpoin
237,2024-03-10,Golda
237,2024-03-10,Mixagrip
238,2024-03-10,Golda
238,2024-03-10,Mie Sedap
239,2024-03-10,Shampo Lifebuoy
240,2024-03-10,Clevo
240,2024-03-10,PG Closeup
240,2024-03-10,Golda
240,2024-03-10,Stela Jeruk (kaleng)
241,2024-03-10,Cimory(botol)
242,2024-03-10,Bolpoin
242,2024-03-10,A1-16
242,2024-03-10,Minyak Kayu Putih
242,2024-03-10,Geo kretek
243,2024-03-10,A1-12
243,2024-03-10,Beras SB
243,2024-03-10,Kresek
243,2024-03-10,Surya
244,2024-03-10,Gula (2kg)
244,2024-03-10,Yakult
245,2024-03-10,Sabun zwitsal
245,2024-03-10,Telur(1kg)
245,2024-03-10,Aoka
245,2024-03-10,Sajiku
245,2024-03-10,Indomie
245,2024-03-10,Top Coffe +
245,2024-03-10,Cimory(botol)
246,2024-03-10,Golda
246,2024-03-10,Ultramilk
246,2024-03-10,Bolpoin
247,2024-03-10,Milky
247,2024-03-10,Top Coffe +
247,2024-03-10,Freshcare
247,2024-03-10,Freshcare
247,2024-03-10,White Coffe (botol)
248,2024-03-10,Promag
248,2024-03-10,A1-12
248,2024-03-10,Pocari(kecil)
248,2024-03-10,Aqua(botol)
249,2024-03-10,Gula (2kg)
249,2024-03-10,Aqua(botol)
250,2024-03-10,Beras SB
251,2024-03-10,Minyak Fortune
252,2024-03-10,Telur(1/2kg)
252,2024-03-10,Mixagrip
253,2024-03-10,Top Coffe +
253,2024-03-10,Ultramilk
254,2024-03-10,Tipe x
254,2024-03-10,Pocari Sweat
254,2024-03-10,GoodDay(saset)
254,2024-03-10,Aoka
254,2024-03-10,Sabun zwitsal
254,2024-03-10,HIT
255,2024-03-10,Kecap bango
255,2024-03-10,Marlboro
255,2024-03-11,Mie Sedap
255,2024-03-11,Tipe x
255,2024-03-11,A1-12
256,2024-03-11,Gula (2kg)
256,2024-03-11,Geo kretek
256,2024-03-11,PG Closeup
257,2024-03-11,Golda
257,2024-03-11,Lada
257,2024-03-11,Indomie
258,2024-03-11,Milky
258,2024-03-11,Stela Jeruk (kaleng)
258,2024-03-11,Milky
259,2024-03-11,Marlboro
259,2024-03-11,Oreo
259,2024-03-11,PG.Pepsodent
260,2024-03-11,Telur(1kg)
260,2024-03-11,Ultramilk
261,2024-03-11,GoodDay(saset)
261,2024-03-11,Kecap bango
261,2024-03-11,Top Coffe +
261,2024-03-11,PG Closeup
261,2024-03-11,HIT
262,2024-03-11,Telur(1/2kg)
262,2024-03-11,Milky
262,2024-03-11,GoodDay(saset)
262,2024-03-11,PG Closeup
262,2024-03-11,Ultramilk
262,2024-03-11,3sapi
262,2024-03-11,Milky
263,2024-03-11,Tipe x
263,2024-03-11,Beras SB
263,2024-03-11,Surya
264,2024-03-11,Kecap bango
264,2024-03-11,Leminerale
264,2024-03-11,Marlboro
264,2024-03-11,Milo(saset)
265,2024-03-11,Tipe x
265,2024-03-11,Marlboro
265,2024-03-11,Teh Gelas
265,2024-03-11,Marlboro
267,2024-03-11,Aoka
268,2024-03-11,Shampo Lifebuoy
268,2024-03-11,Teh Gelas
268,2024-03-11,Mixagrip
268,2024-03-11,Sajiku
269,2024-03-11,Indomie
269,2024-03-11,Milo(saset)
270,2024-03-11,Teh Gelas
270,2024-03-12,Surya
271,2024-03-12,Ultramilk
271,2024-03-12,Mie Sedap
272,2024-03-12,Masako
272,2024-03-12,Ultramilk
272,2024-03-12,A1-16
273,2024-03-12,Beras SB
273,2024-03-12,Pocari Sweat
273,2024-03-12,Bolpoin
274,2024-03-12,Lada
274,2024-03-12,Ultramilk
274,2024-03-12,HIT
275,2024-03-12,Geo kretek
276,2024-03-12,Yakult
276,2024-03-12,Kresek
278,2024-03-12,Milo(saset)
278,2024-03-12,Clevo
278,2024-03-12,Mixagrip
278,2024-03-12,Koyo
278,2024-03-12,Mie Sedap
279,2024-03-12,Sabun zwitsal
279,2024-03-12,Promag
279,2024-03-12,Pocari Sweat
280,2024-03-12,GoodDay(saset)
280,2024-03-12,Sabun zwitsal
280,2024-03-12,Lada
280,2024-03-12,Milky
282,2024-03-12,Indomie
282,2024-03-12,Golda
282,2024-03-12,Promag
282,2024-03-12,Leminerale
283,2024-03-12,Sajiku
283,2024-03-12,PG Closeup
283,2024-03-12,Shampo Lifebuoy
284,2024-03-12,Pocari(kecil)
284,2024-03-12,Telur(1/2kg)
284,2024-03-12,Freshcare
285,2024-03-12,Indomie
285,2024-03-12,Golda
285,2024-03-12,Beras SB
285,2024-03-12,Beras SB
286,2024-03-13,Pocari Sweat
286,2024-03-13,Freshcare
286,2024-03-13,White Coffe (botol)
287,2024-03-13,Promag
287,2024-03-13,Stela Jeruk (kaleng)
288,2024-03-13,Promag
288,2024-03-13,Sajiku
289,2024-03-13,Kecap bango
289,2024-03-13,Koyo
290,2024-03-13,Stela Jeruk (kaleng)
291,2024-03-13,Stela Jeruk (kaleng)
292,2024-03-13,Indomie
292,2024-03-13,Pocari Sweat
292,2024-03-13,Marlboro
293,2024-03-13,Kecap bango
293,2024-03-13,Teh Gelas
294,2024-03-13,Surya
295,2024-03-13,Tipe x
295,2024-03-13,Masako
295,2024-03-13,Mixagrip
295,2024-03-13,Telur(1kg)
296,2024-03-13,Kecap bango
296,2024-03-13,Mixagrip
298,2024-03-13,Pocari(kecil)
300,2024-03-13,Masako
300,2024-03-13,Freshcare
300,2024-03-13,Minyak Kayu Putih
300,2024-03-13,HIT
300,2024-03-13,Oreo
300,2024-03-13,Milky
300,2024-03-13,Leminerale
300,2024-03-13,Clevo
301,2024-03-13,Freshcare
301,2024-03-13,Saos Indofood
301,2024-03-13,A1-12
302,2024-03-13,PG Closeup
302,2024-03-13,Yakult
303,2024-03-13,HIT
303,2024-03-13,Yakult
304,2024-03-13,Marlboro
304,2024-03-13,Oreo
304,2024-03-13,Leminerale
304,2024-03-13,Promag
304,2024-03-13,Telur(1kg)
304,2024-03-13,Freshcare
305,2024-03-13,PG.Pepsodent
305,2024-03-13,Beras SB
306,2024-03-13,SGM+
307,2024-03-14,A1-16
307,2024-03-14,Milo(saset)
307,2024-03-14,Kecap bango
308,2024-03-14,Bolpoin
308,2024-03-14,Milo(saset)
308,2024-03-14,PG Closeup
308,2024-03-14,Minyak Fortune
308,2024-03-14,Leminerale
309,2024-03-14,Pocari(kecil)
309,2024-03-14,Pocari(kecil)
309,2024-03-14,Lada
309,2024-03-14,Lada
309,2024-03-14,Kresek
309,2024-03-14,Aqua(botol)
311,2024-03-14,Aqua(botol)
312,2024-03-14,Indomie
312,2024-03-14,Cimory(botol)
312,2024-03-14,Telur(1kg)
312,2024-03-14,Pocari Sweat
313,2024-03-14,Cimory(botol)
313,2024-03-14,Kresek
313,2024-03-14,Sabun zwitsal
314,2024-03-14,Indomilk
314,2024-03-14,Freshcare
314,2024-03-14,Marlboro
315,2024-03-14,SGM+
316,2024-03-14,Promag
316,2024-03-14,White Coffe (botol)
316,2024-03-14,Saos Indofood
316,2024-03-14,Gula (2kg)
316,2024-03-14,PG.Pepsodent
316,2024-03-14,Minyak Fortune
317,2024-03-14,3sapi
317,2024-03-14,Geo kretek
317,2024-03-14,Promag
318,2024-03-14,Surya
318,2024-03-14,Aqua(botol)
318,2024-03-14,Tipe x
318,2024-03-14,Ultramilk
318,2024-03-14,Top Coffe +
319,2024-03-14,Minyak Fortune
319,2024-03-14,Mixagrip
319,2024-03-14,Ultramilk
319,2024-03-14,Promag
319,2024-03-14,Lada
320,2024-03-14,Milky
320,2024-03-14,Minyak Kayu Putih
321,2024-03-14,Marlboro
321,2024-03-14,PG.Pepsodent
321,2024-03-15,Mixagrip
322,2024-03-15,Shampo Lifebuoy
322,2024-03-15,3sapi
322,2024-03-15,Indomie
322,2024-03-15,Promag
323,2024-03-15,Kecap bango
323,2024-03-15,Telur(1/2kg)
323,2024-03-15,Clevo
324,2024-03-15,Teh Gelas
324,2024-03-15,Lada
324,2024-03-15,Telur(1/2kg)
324,2024-03-15,Koyo
325,2024-03-15,Geo kretek
325,2024-03-15,Yakult
325,2024-03-15,Minyak Kayu Putih
326,2024-03-15,Aqua(botol)
326,2024-03-15,Oreo
326,2024-03-15,Beras SB
327,2024-03-15,Promag
327,2024-03-15,Promag
327,2024-03-15,Mie Sedap
328,2024-03-15,Clevo
328,2024-03-15,Pocari(kecil)
328,2024-03-15,HIT
328,2024-03-15,Pocari(kecil)
329,2024-03-15,Pocari(kecil)
329,2024-03-15,Aoka
329,2024-03-15,Indomie
329,2024-03-15,Saos Indofood
329,2024-03-15,Freshcare
329,2024-03-15,A1-16
330,2024-03-15,Pocari Sweat
330,2024-03-15,GoodDay(saset)
330,2024-03-15,Cimory(botol)
330,2024-03-15,White Coffe (botol)
330,2024-03-15,Kecap bango
330,2024-03-15,Bolpoin
330,2024-03-15,Saos Indofood
330,2024-03-15,Milky
330,2024-03-15,Oreo
331,2024-03-15,Telur(1kg)
331,2024-03-15,Sabun zwitsal
332,2024-03-15,Surya
332,2024-03-15,Saos Indofood
334,2024-03-15,Lada
334,2024-03-15,Saos Indofood
334,2024-03-15,Gula (2kg)
335,2024-03-15,White Coffe (botol)
335,2024-03-15,HIT
335,2024-03-15,GoodDay(saset)
335,2024-03-15,White Coffe (botol)
335,2024-03-15,PG.Pepsodent
335,2024-03-15,Promag
335,2024-03-15,A1-16
336,2024-03-15,Milo(saset)
336,2024-03-15,Telur(1/2kg)
336,2024-03-16,Top Coffe +
337,2024-03-16,Tipe x
337,2024-03-16,Geo kretek
337,2024-03-16,A1-16
337,2024-03-16,Freshcare
337,2024-03-16,White Coffe (botol)
337,2024-03-16,Kresek
337,2024-03-16,Marlboro
338,2024-03-16,Minyak Fortune
338,2024-03-16,Golda
338,2024-03-16,Aoka
338,2024-03-16,Yakult
339,2024-03-16,Ultramilk
339,2024-03-16,Beras SB
340,2024-03-16,Telur(1kg)
340,2024-03-16,Tipe x
340,2024-03-16,Kresek
340,2024-03-16,Cimory(botol)
340,2024-03-16,Geo kretek
340,2024-03-16,HIT
340,2024-03-16,Surya
340,2024-03-16,Stela Jeruk (kaleng)
340,2024-03-16,Minyak Fortune
341,2024-03-16,Shampo Lifebuoy
341,2024-03-16,Masako
342,2024-03-16,Tipe x
342,2024-03-16,Yakult
342,2024-03-16,Kresek
343,2024-03-16,Saos Indofood
343,2024-03-16,Kresek
343,2024-03-16,Golda
344,2024-03-16,HIT
344,2024-03-16,Indomilk
344,2024-03-16,3sapi
345,2024-03-16,Promag
346,2024-03-16,Oreo
347,2024-03-16,Teh Gelas
347,2024-03-16,GoodDay(saset)
348,2024-03-16,Clevo
348,2024-03-16,Shampo Lifebuoy
348,2024-03-16,SGM+
349,2024-03-16,Sabun zwitsal
349,2024-03-16,Saos Indofood
349,2024-03-16,Koyo
349,2024-03-16,Oreo
351,2024-03-16,Promag
351,2024-03-16,3sapi
351,2024-03-16,Pocari Sweat
351,2024-03-17,Bolpoin
352,2024-03-17,Geo kretek
352,2024-03-17,Gula (2kg)
353,2024-03-17,Bolpoin
353,2024-03-17,SGM+
353,2024-03-17,Mamy Poko
353,2024-03-17,Teh Gelas
353,2024-03-17,Teh Gelas
354,2024-03-17,Aqua(botol)
354,2024-03-17,Sabun zwitsal
355,2024-03-17,Aoka
356,2024-03-17,Lada
356,2024-03-17,Milky
356,2024-03-17,Beras SB
356,2024-03-17,Sabun zwitsal
357,2024-03-17,Milky
357,2024-03-17,Milky
358,2024-03-17,Golda
358,2024-03-17,Mixagrip
358,2024-03-17,Mie Sedap
359,2024-03-17,Lada
359,2024-03-17,Minyak Kayu Putih
359,2024-03-17,Mixagrip
359,2024-03-17,GoodDay(saset)
360,2024-03-17,Aqua(botol)
360,2024-03-17,Masako
360,2024-03-17,Saos Indofood
361,2024-03-17,Kecap bango
361,2024-03-17,Ultramilk
361,2024-03-17,Shampo Lifebuoy
362,2024-03-17,Saos Indofood
362,2024-03-17,Minyak Fortune
362,2024-03-17,Kresek
362,2024-03-17,Oreo
363,2024-03-17,A1-16
363,2024-03-17,Pocari Sweat
364,2024-03-17,Stela Jeruk (kaleng)
364,2024-03-17,PG Closeup
364,2024-03-17,3sapi
365,2024-03-17,Kresek
366,2024-03-17,Cimory(botol)
366,2024-03-17,Bolpoin
366,2024-03-17,Promag
367,2024-03-17,Saos Indofood
367,2024-03-17,Mie Sedap
367,2024-03-17,Aoka
368,2024-03-17,Mixagrip
368,2024-03-17,Beras SB
368,2024-03-18,Mie Sedap
370,2024-03-18,Bolpoin
370,2024-03-18,Telur(1kg)
370,2024-03-18,Pocari(kecil)
371,2024-03-18,A1-16
371,2024-03-18,Minyak Fortune
372,2024-03-18,Mixagrip
372,2024-03-18,Oreo
372,2024-03-18,Indomie
372,2024-03-18,Milky
372,2024-03-18,A1-12
374,2024-03-18,Koyo
374,2024-03-18,Minyak Fortune
374,2024-03-18,Milky
374,2024-03-18,Mie Sedap
374,2024-03-18,A1-12
374,2024-03-18,Leminerale
375,2024-03-18,Telur(1kg)
375,2024-03-18,Freshcare
375,2024-03-18,Gula (2kg)
375,2024-03-18,Geo kretek
376,2024-03-18,Golda
376,2024-03-18,Telur(1/2kg)
376,2024-03-18,Oreo
376,2024-03-18,Telur(1/2kg)
376,2024-03-18,Indomilk
376,2024-03-18,Indomie
377,2024-03-18,Mie Sedap
377,2024-03-18,3sapi
377,2024-03-18,Golda
378,2024-03-18,Promag
378,2024-03-18,Kresek
378,2024-03-18,Milky
379,2024-03-18,Indomie
379,2024-03-18,Promag
379,2024-03-18,White Coffe (botol)
379,2024-03-18,Milky
379,2024-03-18,Telur(1/2kg)
379,2024-03-18,Ultramilk
379,2024-03-18,3sapi
380,2024-03-18,Stela Jeruk (kaleng)
380,2024-03-18,Minyak Kayu Putih
381,2024-03-18,Surya
381,2024-03-18,Aqua(botol)
382,2024-03-18,Stela Jeruk (kaleng)
383,2024-03-18,Indomilk
383,2024-03-18,Shampo Lifebuoy
384,2024-03-18,A1-16
384,2024-03-18,Gula (2kg)
385,2024-03-18,HIT
385,2024-03-18,Lada
386,2024-03-18,Mamy Poko
386,2024-03-18,Marlboro
389,2024-03-18,Indomie
389,2024-03-19,Clevo
389,2024-03-19,Milo(saset)
389,2024-03-19,Shampo Lifebuoy
389,2024-03-19,Promag
391,2024-03-19,Beras SB
391,2024-03-19,Geo kretek
391,2024-03-19,Oreo
391,2024-03-19,Cimory(botol)
391,2024-03-19,Minyak Fortune
392,2024-03-19,Mixagrip
392,2024-03-19,Lada
392,2024-03-19,Promag
392,2024-03-19,Teh Gelas
392,2024-03-19,GoodDay(saset)
393,2024-03-19,Cimory(botol)
393,2024-03-19,A1-16
393,2024-03-19,3sapi
393,2024-03-19,Lada
394,2024-03-19,Aqua(botol)
394,2024-03-19,Tipe x
395,2024-03-19,SGM+
395,2024-03-19,Mamy Poko
395,2024-03-19,Pocari Sweat
395,2024-03-19,SGM+
396,2024-03-19,Mixagrip
396,2024-03-19,Kresek
396,2024-03-19,Shampo Lifebuoy
396,2024-03-19,A1-12
397,2024-03-19,Shampo Lifebuoy
397,2024-03-19,Golda
397,2024-03-19,Marlboro
398,2024-03-19,Aqua(botol)
398,2024-03-19,Kresek
398,2024-03-19,Kecap bango
398,2024-03-19,Kresek
399,2024-03-19,Sajiku
399,2024-03-19,Shampo Lifebuoy
399,2024-03-19,Kresek
399,2024-03-19,Milo(saset)
400,2024-03-19,Golda
400,2024-03-19,Surya
400,2024-03-19,Telur(1/2kg)
400,2024-03-19,A1-16
401,2024-03-19,Leminerale
401,2024-03-19,Sajiku
402,2024-03-19,3sapi
402,2024-03-19,Minyak Fortune
403,2024-03-19,Koyo
404,2024-03-19,3sapi
405,2024-03-19,Kresek
407,2024-03-19,Aqua(botol)
407,2024-03-20,Aqua(botol)
407,2024-03-20,Lada
408,2024-03-20,Golda
408,2024-03-20,3sapi
409,2024-03-20,PG Closeup
409,2024-03-20,Oreo
410,2024-03-20,Leminerale
410,2024-03-20,Shampo Lifebuoy
410,2024-03-20,Surya
411,2024-03-20,Geo kretek
411,2024-03-20,Saos Indofood
411,2024-03-20,Beras SB
412,2024-03-20,Aoka
412,2024-03-20,Kresek
414,2024-03-20,Sajiku
415,2024-03-20,Beras SB
416,2024-03-20,Indomie
417,2024-03-20,Koyo
417,2024-03-20,Ultramilk
417,2024-03-20,Teh Gelas
418,2024-03-20,Top Coffe +
419,2024-03-20,Clevo
420,2024-03-20,Sajiku
420,2024-03-20,Beras SB
423,2024-03-20,Minyak Fortune
423,2024-03-20,Minyak Fortune
423,2024-03-20,Koyo
424,2024-03-20,A1-12
426,2024-03-20,Geo kretek
427,2024-03-20,Indomie
427,2024-03-20,Mamy Poko
428,2024-03-20,Mixagrip
428,2024-03-20,Milo(saset)
428,2024-03-20,Surya
428,2024-03-20,A1-12
429,2024-03-20,Kresek
429,2024-03-20,Oreo
430,2024-03-20,Golda
431,2024-03-20,Shampo Lifebuoy
432,2024-03-20,PG Closeup
432,2024-03-20,A1-16
432,2024-03-20,Minyak Kayu Putih
432,2024-03-20,Indomie
433,2024-03-20,Stela Jeruk (kaleng)
434,2024-03-20,PG.Pepsodent
434,2024-03-20,Leminerale
434,2024-03-20,Minyak Fortune
435,2024-03-20,Sajiku
435,2024-03-20,Freshcare
436,2024-03-20,Shampo Lifebuoy
436,2024-03-20,Sajiku
437,2024-03-20,Bolpoin
437,2024-03-20,Golda
437,2024-03-21,Minyak Fortune
438,2024-03-21,Tipe x
440,2024-03-21,Mie Sedap
440,2024-03-21,Masako
441,2024-03-21,Kecap bango
441,2024-03-21,Kresek
443,2024-03-21,Bolpoin
444,2024-03-21,SGM+
445,2024-03-21,Ultramilk
446,2024-03-21,Indomie
446,2024-03-21,Ultramilk
446,2024-03-21,White Coffe (botol)
446,2024-03-21,PG Closeup
447,2024-03-21,Shampo Lifebuoy
447,2024-03-21,Indomilk
448,2024-03-21,Cimory(botol)
449,2024-03-21,Telur(1kg)
449,2024-03-21,Sajiku
449,2024-03-21,Minyak Kayu Putih
449,2024-03-21,Milo(saset)
449,2024-03-21,Leminerale
450,2024-03-21,Milo(saset)
450,2024-03-21,SGM+
452,2024-03-21,Milky
452,2024-03-21,Mie Sedap
453,2024-03-21,Minyak Kayu Putih
453,2024-03-21,Minyak Fortune
453,2024-03-21,Koyo
453,2024-03-21,3sapi
453,2024-03-21,Aoka
454,2024-03-21,Saos Indofood
454,2024-03-21,Cimory(botol)
456,2024-03-21,Shampo Lifebuoy
456,2024-03-21,Kresek
457,2024-03-21,Kecap bango
458,2024-03-21,Shampo Lifebuoy
459,2024-03-21,GoodDay(saset)
460,2024-03-21,Surya
460,2024-03-21,Sabun zwitsal
460,2024-03-21,Oreo
461,2024-03-21,Milo(saset)
461,2024-03-21,Sajiku
461,2024-03-21,Stela Jeruk (kaleng)
461,2024-03-21,Saos Indofood
463,2024-03-21,Stela Jeruk (kaleng)
464,2024-03-21,Kecap bango
465,2024-03-21,Cimory(botol)
466,2024-03-21,Teh Gelas
466,2024-03-22,Top Coffe +
467,2024-03-22,Mamy Poko
467,2024-03-22,Saos Indofood
467,2024-03-22,Stela Jeruk (kaleng)
468,2024-03-22,Golda
469,2024-03-22,Sabun zwitsal
470,2024-03-22,Kresek
471,2024-03-22,Ultramilk
472,2024-03-22,PG Closeup
472,2024-03-22,Aqua(botol)
472,2024-03-22,Leminerale
472,2024-03-22,A1-16
474,2024-03-22,Cimory(botol)
474,2024-03-22,Mie Sedap
474,2024-03-22,Gula (2kg)
475,2024-03-22,Shampo Lifebuoy
475,2024-03-22,PG.Pepsodent
476,2024-03-22,Golda
476,2024-03-22,Top Coffe +
476,2024-03-22,Marlboro
477,2024-03-22,Golda
477,2024-03-22,Promag
477,2024-03-22,Top Coffe +
477,2024-03-22,SGM+
477,2024-03-22,Milky
478,2024-03-22,Sabun zwitsal
478,2024-03-22,Yakult
479,2024-03-22,Bolpoin
481,2024-03-22,Cimory(botol)
482,2024-03-22,Mixagrip
484,2024-03-22,White Coffe (botol)
484,2024-03-22,Yakult
485,2024-03-22,Kecap bango
485,2024-03-22,Masako
487,2024-03-22,3sapi
487,2024-03-22,Surya
488,2024-03-22,Shampo Lifebuoy
488,2024-03-22,Lada
488,2024-03-22,Masako
488,2024-03-22,Milky
489,2024-03-22,Stela Jeruk (kaleng)
490,2024-03-22,Saos Indofood
491,2024-03-22,Top Coffe +
491,2024-03-22,A1-16
492,2024-03-22,Tipe x
492,2024-03-22,Clevo
492,2024-03-22,Tipe x
493,2024-03-22,Milo(saset)
493,2024-03-22,Minyak Fortune
494,2024-03-23,A1-16
495,2024-03-23,Tipe x
495,2024-03-23,Leminerale
495,2024-03-23,Bolpoin
496,2024-03-23,White Coffe (botol)
496,2024-03-23,Minyak Fortune
499,2024-03-23,Freshcare
500,2024-03-23,Bolpoin
502,2024-03-23,Teh Gelas
506,2024-03-23,PG.Pepsodent
511,2024-03-23,Clevo
512,2024-03-23,Aoka
514,2024-03-23,Lada
514,2024-03-23,Leminerale
514,2024-03-23,3sapi
518,2024-03-23,Masako
520,2024-03-23,Ultramilk
523,2024-03-23,Shampo Lifebuoy
525,2024-03-23,White Coffe (botol)
526,2024-03-23,Pocari Sweat
532,2024-03-23,Cimory(botol)
533,2024-03-23,A1-16
538,2024-03-23,Milky
539,2024-03-23,Mie Sedap
539,2024-03-23,Kecap bango
540,2024-03-23,Masako
542,2024-03-23,Milo(saset)
543,2024-03-23,Masako
544,2024-03-23,Mie Sedap
545,2024-03-23,Top Coffe +
546,2024-03-23,Teh Gelas
550,2024-03-23,GoodDay(saset)
551,2024-03-23,Indomie
551,2024-03-23,Shampo Lifebuoy
552,2024-03-23,Cimory(botol)
552,2024-03-23,Bolpoin
554,2024-03-23,Minyak Fortune
556,2024-03-23,Aqua(botol)
557,2024-03-23,Geo kretek
558,2024-03-23,Saos Indofood
560,2024-03-23,Aoka
561,2024-03-23,Leminerale
562,2024-03-23,GoodDay(saset)
565,2024-03-23,Pocari(kecil)
567,2024-03-23,Aqua(botol)
569,2024-03-23,Minyak Kayu Putih
574,2024-03-23,PG Closeup
574,2024-03-23,Telur(1kg)
574,2024-03-23,Indomie
577,2024-03-23,Pocari Sweat
578,2024-03-23,Aqua(botol)
578,2024-03-23,Pocari(kecil)
580,2024-03-24,Telur(1/2kg)
582,2024-03-24,Geo kretek
582,2024-03-24,Saos Indofood
584,2024-03-24,Freshcare
586,2024-03-24,Kecap bango
590,2024-03-24,PG Closeup
593,2024-03-24,SGM+
594,2024-03-24,Indomilk
595,2024-03-24,Kresek
596,2024-03-24,Mixagrip
597,2024-03-24,Beras SB
603,2024-03-24,Surya
604,2024-03-24,Koyo
605,2024-03-24,SGM+
607,2024-03-24,Bolpoin
607,2024-03-24,Mixagrip
612,2024-03-24,Shampo Lifebuoy
612,2024-03-24,Bolpoin
613,2024-03-24,Ultramilk
618,2024-03-24,Mamy Poko
620,2024-03-24,Marlboro
622,2024-03-24,GoodDay(saset)
623,2024-03-24,Beras SB
625,2024-03-24,Geo kretek
627,2024-03-24,Minyak Kayu Putih
628,2024-03-24,Sajiku
629,2024-03-24,Kresek
629,2024-03-24,Promag
629,2024-03-24,Top Coffe +
631,2024-03-24,3sapi
634,2024-03-24,Mamy Poko
634,2024-03-24,Masako
641,2024-03-24,Milo(saset)
641,2024-03-24,Pocari Sweat
644,2024-03-24,Lada
645,2024-03-24,Geo kretek
646,2024-03-24,Aqua(botol)
649,2024-03-24,Gula (2kg)
650,2024-03-24,Saos Indofood
651,2024-03-24,Freshcare
652,2024-03-24,Oreo
655,2024-03-24,Golda
656,2024-03-24,Oreo
660,2024-03-24,PG Closeup
661,2024-03-24,Kresek
661,2024-03-24,A1-16
665,2024-03-24,Indomie
667,2024-03-24,A1-16
668,2024-03-24,PG.Pepsodent
669,2024-03-24,Tipe x
672,2024-03-24,Marlboro
673,2024-03-24,Stela Jeruk (kaleng)
673,2024-03-24,Saos Indofood
679,2024-03-24,Saos Indofood
683,2024-03-24,3sapi
684,2024-03-24,Ultramilk
689,2024-03-24,Yakult
691,2024-03-24,White Coffe (botol)
693,2024-03-25,Sabun zwitsal
693,2024-03-25,Sabun zwitsal
710,2024-03-25,Gula (2kg)
710,2024-03-25,Surya
713,2024-03-25,Minyak Fortune
715,2024-03-25,Ultramilk
716,2024-03-25,Ultramilk
717,2024-03-25,Kresek
724,2024-03-25,Tipe x
725,2024-03-25,Top Coffe +
726,2024-03-25,Clevo
726,2024-03-25,Yakult
727,2024-03-25,Freshcare
730,2024-03-25,Bolpoin
733,2024-03-25,Lada
735,2024-03-25,Minyak Kayu Putih
736,2024-03-25,Saos Indofood
738,2024-03-25,Beras SB
738,2024-03-25,PG.Pepsodent
743,2024-03-25,Clevo
747,2024-03-25,Mamy Poko
747,2024-03-25,Telur(1kg)
751,2024-03-25,Minyak Fortune
751,2024-03-25,Telur(1kg)
754,2024-03-25,Mie Sedap
754,2024-03-25,White Coffe (botol)
755,2024-03-25,PG.Pepsodent
757,2024-03-25,3sapi
759,2024-03-25,Top Coffe +
763,2024-03-25,A1-16
763,2024-03-25,Sabun zwitsal
764,2024-03-25,Bolpoin
773,2024-03-25,Mixagrip
773,2024-03-25,Minyak Kayu Putih
774,2024-03-25,Tipe x
774,2024-03-25,PG Closeup
775,2024-03-25,Leminerale
778,2024-03-25,Tipe x
779,2024-03-25,Bolpoin
783,2024-03-25,Bolpoin
788,2024-03-25,Kecap bango
790,2024-03-25,A1-12
791,2024-03-25,Top Coffe +
792,2024-03-25,Lada
795,2024-03-25,SGM+
796,2024-03-25,Gula (2kg)
796,2024-03-25,Oreo
800,2024-03-25,Leminerale
801,2024-03-25,Stela Jeruk (kaleng)
807,2024-03-25,Promag
809,2024-03-25,Promag
810,2024-03-25,Surya
810,2024-03-25,Ultramilk
811,2024-03-25,Leminerale
811,2024-03-26,SGM+
817,2024-03-26,Freshcare
820,2024-03-26,Mamy Poko
820,2024-03-26,PG.Pepsodent
822,2024-03-26,Shampo Lifebuoy
822,2024-03-26,Clevo
824,2024-03-26,Shampo Lifebuoy
826,2024-03-26,Stela Jeruk (kaleng)
826,2024-03-26,PG Closeup
827,2024-03-26,Aqua(botol)
831,2024-03-26,Pocari Sweat
832,2024-03-26,Sajiku
833,2024-03-26,Minyak Kayu Putih
834,2024-03-26,HIT
836,2024-03-26,Surya
839,2024-03-26,Saos Indofood
840,2024-03-26,Minyak Fortune
843,2024-03-26,Pocari(kecil)
843,2024-03-26,Promag
847,2024-03-26,Milo(saset)
850,2024-03-26,Oreo
851,2024-03-26,Kresek
852,2024-03-26,GoodDay(saset)
852,2024-03-26,Minyak Fortune
853,2024-03-26,Pocari Sweat
856,2024-03-26,A1-12
856,2024-03-26,Tipe x
858,2024-03-26,Milky
862,2024-03-26,Freshcare
863,2024-03-26,Saos Indofood
868,2024-03-26,Minyak Fortune
868,2024-03-26,Lada
870,2024-03-26,Oreo
870,2024-03-26,Aqua(botol)
875,2024-03-26,Sabun zwitsal
875,2024-03-26,Geo kretek
876,2024-03-26,Mixagrip
880,2024-03-26,3sapi
880,2024-03-26,SGM+
881,2024-03-26,Indomie
881,2024-03-26,Sabun zwitsal
883,2024-03-26,Ultramilk
886,2024-03-26,Golda
887,2024-03-26,Surya
887,2024-03-26,Ultramilk
888,2024-03-26,Mamy Poko
892,2024-03-26,Clevo
892,2024-03-27,SGM+
893,2024-03-27,White Coffe (botol)
893,2024-03-27,Milo(saset)
901,2024-03-27,Koyo
902,2024-03-27,A1-12
906,2024-03-27,Oreo
908,2024-03-27,Oreo
909,2024-03-27,Koyo
913,2024-03-27,Gula (2kg)
914,2024-03-27,Gula (2kg)
917,2024-03-27,Minyak Kayu Putih
918,2024-03-27,A1-16
923,2024-03-27,Masako
928,2024-03-27,Aoka
929,2024-03-27,PG.Pepsodent
931,2024-03-27,Geo kretek
932,2024-03-27,Ultramilk
933,2024-03-27,Indomilk
937,2024-03-27,Minyak Kayu Putih
940,2024-03-27,Promag
940,2024-03-27,A1-16
944,2024-03-27,Beras SB
948,2024-03-27,Teh Gelas
949,2024-03-27,Leminerale
949,2024-03-27,Telur(1kg)
949,2024-03-27,Mixagrip
952,2024-03-27,Kresek
952,2024-03-27,GoodDay(saset)
952,2024-03-27,Masako
956,2024-03-27,Geo kretek
956,2024-03-27,Mie Sedap
956,2024-03-27,A1-16
958,2024-03-27,Sajiku
963,2024-03-27,Telur(1/2kg)
964,2024-03-27,3sapi
964,2024-03-27,Telur(1kg)
966,2024-03-27,Kecap bango
966,2024-03-27,Pocari(kecil)
966,2024-03-27,Lada
970,2024-03-27,HIT
971,2024-03-27,Indomie
974,2024-03-27,A1-12
975,2024-03-27,Promag
977,2024-03-27,Oreo
978,2024-03-27,Masako
979,2024-03-27,Minyak Kayu Putih
979,2024-03-27,Telur(1kg)
983,2024-03-28,GoodDay(saset)
988,2024-03-28,Beras SB
989,2024-03-28,Shampo Lifebuoy
993,2024-03-28,A1-12
994,2024-03-28,GoodDay(saset)
995,2024-03-28,Masako
997,2024-03-28,A1-12
999,2024-03-28,Milky
1001,2024-03-28,Saos Indofood
1001,2024-03-28,Golda
1001,2024-03-28,Minyak Fortune
1004,2024-03-28,Marlboro
1005,2024-03-28,Minyak Kayu Putih
1010,2024-03-28,Geo kretek
1011,2024-03-28,Mamy Poko
1011,2024-03-28,Clevo
1015,2024-03-28,Telur(1/2kg)
1017,2024-03-28,Aoka
1017,2024-03-28,Ultramilk
1020,2024-03-28,Mixagrip
1020,2024-03-28,Indomie
1022,2024-03-28,Surya
1023,2024-03-28,Ultramilk
1024,2024-03-28,Aoka
1025,2024-03-28,Milky
1025,2024-03-28,HIT
1025,2024-03-28,GoodDay(saset)
1026,2024-03-28,Aoka
1027,2024-03-28,Surya
1027,2024-03-28,Geo kretek
1028,2024-03-28,Minyak Kayu Putih
1028,2024-03-28,A1-12
1032,2024-03-28,Shampo Lifebuoy
1033,2024-03-28,SGM+
1037,2024-03-28,Mie Sedap
1038,2024-03-29,Minyak Fortune
1041,2024-03-29,A1-16
1049,2024-03-29,Kresek
1049,2024-03-29,Masako
1051,2024-03-29,PG Closeup
1052,2024-03-29,Sabun zwitsal
1054,2024-03-29,Marlboro
1054,2024-03-29,A1-16
1056,2024-03-29,Mamy Poko
1058,2024-03-29,Indomilk
1061,2024-03-29,Tipe x
1062,2024-03-29,Milky
1064,2024-03-29,Gula (2kg)
1072,2024-03-29,Tipe x
1075,2024-03-29,Beras SB
1075,2024-03-29,Mamy Poko
1078,2024-03-29,Promag
1083,2024-03-29,Pocari(kecil)
1084,2024-03-29,A1-12
1085,2024-03-29,Koyo
1086,2024-03-29,Mixagrip
1091,2024-03-29,Telur(1/2kg)
1092,2024-03-29,Lada
1093,2024-03-29,Telur(1kg)
1094,2024-03-29,Top Coffe +
1096,2024-03-29,Ultramilk
1096,2024-03-29,Leminerale
1097,2024-03-29,Mixagrip
1100,2024-03-29,Clevo
1104,2024-03-29,SGM+
1106,2024-03-29,Clevo
1111,2024-03-29,Kecap bango
1112,2024-03-29,Stela Jeruk (kaleng)
1113,2024-03-29,Telur(1kg)
1118,2024-03-29,Koyo
1121,2024-03-29,Mixagrip
1127,2024-03-29,Sabun zwitsal
1134,2024-03-29,White Coffe (botol)
1136,2024-03-29,A1-12
1136,2024-03-29,Minyak Fortune
1139,2024-03-29,Mixagrip
1144,2024-03-29,Mamy Poko
1145,2024-03-29,Clevo
1146,2024-03-29,Oreo
1152,2024-03-29,Tipe x
1156,2024-03-29,Promag
1161,2024-03-29,Pocari Sweat
1163,2024-03-29,GoodDay(saset)
1164,2024-03-29,White Coffe (botol)
1166,2024-03-29,Masako
1168,2024-03-29,A1-16
1171,2024-03-29,Aoka
1172,2024-03-29,A1-16
1175,2024-03-29,Lada
1176,2024-03-29,3sapi
1178,2024-03-30,Teh Gelas
1179,2024-03-30,A1-12
1180,2024-03-30,Freshcare
1183,2024-03-30,PG.Pepsodent
1186,2024-03-30,Clevo
1187,2024-03-30,GoodDay(saset)
1187,2024-03-30,Telur(1/2kg)
1189,2024-03-30,Shampo Lifebuoy
1198,2024-03-30,Freshcare
1201,2024-03-30,Sajiku
1203,2024-03-30,Golda
1206,2024-03-30,Clevo
1208,2024-03-30,Stela Jeruk (kaleng)
1209,2024-03-30,Freshcare
1210,2024-03-30,Koyo
1211,2024-03-30,Pocari(kecil)
1211,2024-03-30,Yakult
1212,2024-03-30,A1-16
1215,2024-03-30,Koyo
1220,2024-03-30,Cimory(botol)
1221,2024-03-30,Clevo
1222,2024-03-30,Marlboro
1228,2024-03-30,Indomilk
1230,2024-03-30,Beras SB
1233,2024-03-30,PG.Pepsodent
1236,2024-03-30,3sapi
1238,2024-03-30,Surya
1240,2024-03-30,Pocari(kecil)
1242,2024-03-30,Minyak Kayu Putih
1242,2024-03-30,Milky
1243,2024-03-30,Pocari(kecil)
1247,2024-03-30,Surya
1250,2024-03-30,Teh Gelas
1254,2024-03-30,Saos Indofood
1255,2024-03-30,Telur(1/2kg)
1255,2024-03-30,PG.Pepsodent
1257,2024-03-30,Top Coffe +
1260,2024-03-30,Masako
1261,2024-03-30,A1-12
1266,2024-03-30,Bolpoin
1267,2024-03-30,Shampo Lifebuoy
1269,2024-03-30,HIT
1269,2024-03-30,3sapi
1270,2024-03-30,Minyak Kayu Putih
1271,2024-03-30,A1-16
1271,2024-03-30,HIT
1273,2024-03-30,Masako
1274,2024-03-31,Pocari(kecil)
1278,2024-03-31,Minyak Fortune
1278,2024-03-31,Milky
1278,2024-03-31,Marlboro
